frame,t,confidence_label,arm_position,wrist_shoulder_ratio,closed_ratio_calib,open_ratio_calib,head_direction,posture
0,0.27,Confident,Closed Arms,1.302030424355567,1.2977379046508466,1.942400007347911,Looking Straight,Stiff
1,0.4,Confident,Closed Arms,1.280263507570871,1.2977379046508466,1.942400007347911,Looking Straight,Stiff
2,0.5,Confident,Closed Arms,1.2876674003271462,1.2977379046508466,1.942400007347911,Looking Straight,Stiff
3,0.59,Confident,Closed Arms,1.3021903388962375,1.2977379046508466,1.942400007347911,Looking Straight,Stiff
4,0.68,Neutral,Closed Arms,1.2882453492060808,1.2977379046508466,1.942400007347911,Looking Straight,Stiff
5,0.76,Neutral,Closed Arms,1.289594285671364,1.2977379046508466,1.942400007347911,Looking Straight,Stiff
6,0.85,Neutral,Closed Arms,1.286697819756484,1.2977379046508466,1.942400007347911,Looking Straight,Stiff
7,0.94,Neutral,Closed Arms,1.3049352518038477,1.2977379046508466,1.942400007347911,Looking Straight,Stiff
8,1.03,Neutral,Closed Arms,1.3039020457765294,1.2977379046508466,1.942400007347911,Looking Straight,Stiff
9,1.12,Neutral,Closed Arms,1.3347649849541574,1.2977379046508466,1.942400007347911,Looking Straight,Stiff
10,1.2,Neutral,Closed Arms,1.3318133292496594,1.2977379046508466,1.942400007347911,Looking Straight,Stiff
11,1.29,Confident,Closed Arms,1.3517798891011314,1.2977379046508466,1.942400007347911,Looking Straight,Stiff
12,1.38,Confident,Closed Arms,1.3833960695138596,1.2977379046508466,1.942400007347911,Looking Straight,Upright
13,1.47,Confident,Closed Arms,1.4177901163471671,1.2977379046508466,1.942400007347911,Looking Straight,Upright
14,1.55,Confident,Closed Arms,1.4562916131987913,1.2977379046508466,1.942400007347911,Looking Straight,Upright
15,1.64,Confident,Closed Arms,1.397624741734112,1.2977379046508466,1.942400007347911,Looking Straight,Stiff
16,1.73,Neutral,Closed Arms,1.3634112771234403,1.2977379046508466,1.942400007347911,Looking Straight,Stiff
17,1.82,Neutral,Closed Arms,1.345195666234273,1.2977379046508466,1.942400007347911,Looking Straight,Stiff
18,1.91,Neutral,Closed Arms,1.3322249092098872,1.2977379046508466,1.942400007347911,Looking Straight,Stiff
19,2.0,Neutral,Closed Arms,1.3326768057104856,1.2977379046508466,1.942400007347911,Looking Straight,Stiff
20,2.09,Neutral,Closed Arms,1.3295920353282213,1.2977379046508466,1.942400007347911,Looking Straight,Stiff
21,2.17,Neutral,Closed Arms,1.3265351055824357,1.2977379046508466,1.942400007347911,Looking Straight,Stiff
22,2.26,Neutral,Closed Arms,1.3383442670071592,1.2977379046508466,1.942400007347911,Looking Straight,Stiff
23,2.36,Neutral,Closed Arms,1.3530626249232056,1.2977379046508466,1.942400007347911,Looking Straight,Stiff
24,2.45,Neutral,Closed Arms,1.366101113230975,1.2977379046508466,1.942400007347911,Looking Straight,Stiff
25,2.54,Neutral,Closed Arms,1.3577308020967571,1.2977379046508466,1.942400007347911,Looking Straight,Stiff
26,2.62,Neutral,Closed Arms,1.3569659195601447,1.2977379046508466,1.942400007347911,Looking Straight,Stiff
27,2.71,Neutral,Closed Arms,1.3453231130715717,1.2977379046508466,1.942400007347911,Looking Straight,Stiff
28,2.8,Neutral,Closed Arms,1.4684691142534108,1.2977379046508466,1.942400007347911,Looking Straight,Stiff
29,2.89,Confident,Closed Arms,1.4377437629963603,1.2977379046508466,1.942400007347911,Looking Straight,Stiff
30,2.97,Confident,Closed Arms,1.3804735070466718,1.2977379046508466,1.942400007347911,Looking Straight,Stiff
31,3.06,Neutral,Closed Arms,1.313769813917348,1.2977379046508466,1.942400007347911,Looking Straight,Stiff
32,3.15,Neutral,Closed Arms,1.2636213410909276,1.2977379046508466,1.942400007347911,Looking Straight,Stiff
33,3.24,Neutral,Closed Arms,1.2331364640521616,1.2977379046508466,1.942400007347911,Looking Straight,Stiff
34,3.33,Neutral,Closed Arms,1.2227630013393025,1.2977379046508466,1.942400007347911,Looking Straight,Stiff
35,3.41,Neutral,Closed Arms,1.1517245930895348,1.2977379046508466,1.942400007347911,Looking Straight,Stiff
36,3.5,Neutral,Closed Arms,1.123632165909761,1.2977379046508466,1.942400007347911,Looking Straight,Stiff
37,3.59,Neutral,Closed Arms,1.0844148302090844,1.2977379046508466,1.942400007347911,Looking Straight,Stiff
38,3.68,Neutral,Closed Arms,0.9620198028091848,1.2977379046508466,1.942400007347911,Looking Straight,Upright
39,3.76,Neutral,Closed Arms,0.9575825563625916,1.2977379046508466,1.942400007347911,Looking Straight,Upright
40,3.87,Neutral,Closed Arms,1.1267635836702894,1.2977379046508466,1.942400007347911,Looking Straight,Upright
41,3.95,Neutral,Closed Arms,1.2067184325444453,1.2977379046508466,1.942400007347911,Looking Straight,Upright
42,4.04,Confident,Closed Arms,1.2202482331268598,1.2977379046508466,1.942400007347911,Looking Straight,Upright
43,4.13,Confident,Closed Arms,1.2173809126920236,1.2977379046508466,1.942400007347911,Looking Straight,Stiff
44,4.22,Confident,Closed Arms,1.2507485457099443,1.2977379046508466,1.942400007347911,Looking Straight,Stiff
45,4.3,Confident,Closed Arms,1.2516140207560849,1.2977379046508466,1.942400007347911,Looking Straight,Stiff
46,4.39,Confident,Closed Arms,1.2530111370813195,1.2977379046508466,1.942400007347911,Looking Straight,Stiff
47,4.48,Confident,Closed Arms,1.2601620310876844,1.2977379046508466,1.942400007347911,Looking Straight,Stiff
48,4.57,Confident,Closed Arms,1.2635588812137475,1.2977379046508466,1.942400007347911,Looking Straight,Stiff
49,4.65,Confident,Closed Arms,1.2587198253946692,1.2977379046508466,1.942400007347911,Looking Straight,Stiff
50,4.74,Confident,Closed Arms,1.2543194803401094,1.2977379046508466,1.942400007347911,Looking Straight,Stiff
51,4.83,Confident,Closed Arms,1.2535694041864052,1.2977379046508466,1.942400007347911,Looking Straight,Stiff
52,4.92,Confident,Closed Arms,1.2599161364913507,1.2977379046508466,1.942400007347911,Looking Straight,Stiff
53,5.01,Confident,Closed Arms,1.267003035266857,1.2977379046508466,1.942400007347911,Looking Straight,Stiff
54,5.09,Confident,Closed Arms,1.2231399715729,1.2977379046508466,1.942400007347911,Looking Straight,Stiff
55,5.19,Confident,Closed Arms,1.2156153229978508,1.2977379046508466,1.942400007347911,Looking Straight,Stiff
56,5.27,Confident,Closed Arms,1.2507197158402703,1.2977379046508466,1.942400007347911,Looking Straight,Upright
57,5.36,Confident,Closed Arms,1.268881316348792,1.2977379046508466,1.942400007347911,Looking Straight,Upright
58,5.45,Confident,Closed Arms,1.2857350215974688,1.2977379046508466,1.942400007347911,Looking Straight,Upright
59,5.54,Confident,Closed Arms,1.2919114856433473,1.2977379046508466,1.942400007347911,Looking Straight,Upright
60,5.62,Confident,Closed Arms,1.3445630137338496,1.2977379046508466,1.942400007347911,Looking Straight,Upright
61,5.71,Confident,Closed Arms,1.3113718440515643,1.2977379046508466,1.942400007347911,Looking Straight,Upright
62,5.8,Confident,Closed Arms,1.3229364630015858,1.2977379046508466,1.942400007347911,Looking Straight,Upright
63,5.89,Confident,Closed Arms,1.2885569365711862,1.2977379046508466,1.942400007347911,Looking Straight,Upright
64,5.97,Confident,Closed Arms,1.2820186855924456,1.2977379046508466,1.942400007347911,Looking Straight,Stiff
65,6.06,Confident,Closed Arms,1.2941683931742995,1.2977379046508466,1.942400007347911,Looking Straight,Stiff
66,6.15,Confident,Closed Arms,1.2629364431544319,1.2977379046508466,1.942400007347911,Looking Straight,Stiff
67,6.23,Confident,Closed Arms,1.248190610072115,1.2977379046508466,1.942400007347911,Looking Straight,Stiff
68,6.32,Confident,Closed Arms,1.2843365339506316,1.2977379046508466,1.942400007347911,Looking Straight,Stiff
69,6.41,Confident,Closed Arms,1.320291846436944,1.2977379046508466,1.942400007347911,Looking Straight,Stiff
70,6.5,Confident,Closed Arms,1.3191101898967017,1.2977379046508466,1.942400007347911,Looking Straight,Stiff
71,6.58,Confident,Closed Arms,1.3211727418472123,1.2977379046508466,1.942400007347911,Looking Straight,Stiff
72,6.67,Confident,Closed Arms,1.3413465053811657,1.2977379046508466,1.942400007347911,Looking Straight,Stiff
73,6.76,Confident,Closed Arms,1.3302535328876404,1.2977379046508466,1.942400007347911,Looking Straight,Stiff
74,6.85,Confident,Closed Arms,1.3189035345513105,1.2977379046508466,1.942400007347911,Looking Straight,Stiff
75,6.94,Confident,Closed Arms,1.3254268137591938,1.2977379046508466,1.942400007347911,Looking Straight,Stiff
76,7.02,Confident,Closed Arms,1.3217419203156016,1.2977379046508466,1.942400007347911,Looking Straight,Stiff
77,7.11,Confident,Closed Arms,1.3169253125325968,1.2977379046508466,1.942400007347911,Looking Straight,Stiff
78,7.2,Confident,Closed Arms,1.3148171411821297,1.2977379046508466,1.942400007347911,Looking Straight,Stiff
79,7.29,Confident,Closed Arms,1.3128727757908556,1.2977379046508466,1.942400007347911,Looking Straight,Stiff
80,7.37,Confident,Closed Arms,1.3169511323064735,1.2977379046508466,1.942400007347911,Looking Straight,Stiff
81,7.46,Confident,Closed Arms,1.3151649509067909,1.2977379046508466,1.942400007347911,Looking Straight,Stiff
82,7.55,Confident,Closed Arms,1.3124423759583395,1.2977379046508466,1.942400007347911,Looking Straight,Stiff
83,7.63,Confident,Closed Arms,1.309826468949109,1.2977379046508466,1.942400007347911,Looking Straight,Stiff
84,7.72,Confident,Closed Arms,1.3177918911689779,1.2977379046508466,1.942400007347911,Looking Straight,Stiff
85,7.81,Confident,Closed Arms,1.3170136837757656,1.2977379046508466,1.942400007347911,Looking Straight,Stiff
86,7.9,Confident,Closed Arms,1.3090184782098448,1.2977379046508466,1.942400007347911,Looking Straight,Stiff
87,7.99,Confident,Closed Arms,1.2469662737472982,1.2977379046508466,1.942400007347911,Looking Straight,Stiff
88,8.08,Confident,Closed Arms,1.2452861791519738,1.2977379046508466,1.942400007347911,Looking Straight,Stiff
89,8.17,Confident,Closed Arms,1.3373021272191545,1.2977379046508466,1.942400007347911,Looking Straight,Stiff
90,8.25,Confident,Closed Arms,1.4406817608661335,1.2977379046508466,1.942400007347911,Looking Straight,Upright
91,8.34,Confident,Closed Arms,1.4525278362090233,1.2977379046508466,1.942400007347911,Looking Straight,Upright
92,8.43,Confident,Closed Arms,1.4998657120785341,1.2977379046508466,1.942400007347911,Looking Straight,Upright
93,8.52,Confident,Partially Open,1.551774949550523,1.2977379046508466,1.942400007347911,Looking Straight,Upright
94,8.61,Confident,Partially Open,1.5884862964217208,1.2977379046508466,1.942400007347911,Looking Straight,Upright
95,8.69,Confident,Partially Open,1.644616996900491,1.2977379046508466,1.942400007347911,Looking Straight,Upright
96,8.78,Confident,Partially Open,1.6336735181099105,1.2977379046508466,1.942400007347911,Looking Straight,Upright
97,8.87,Confident,Partially Open,1.6082559734058086,1.2977379046508466,1.942400007347911,Looking Straight,Upright
98,8.96,Confident,Partially Open,1.598188014566569,1.2977379046508466,1.942400007347911,Looking Straight,Upright
99,9.04,Confident,Partially Open,1.5817516658049082,1.2977379046508466,1.942400007347911,Looking Straight,Upright
100,9.13,Confident,Partially Open,1.601854489893713,1.2977379046508466,1.942400007347911,Looking Straight,Upright
101,9.22,Confident,Partially Open,1.6137273129535024,1.2977379046508466,1.942400007347911,Looking Straight,Upright
102,9.3,Confident,Partially Open,1.6127409207693646,1.2977379046508466,1.942400007347911,Looking Straight,Upright
103,9.39,Confident,Partially Open,1.6185693381948156,1.2977379046508466,1.942400007347911,Looking Straight,Upright
104,9.48,Confident,Partially Open,1.62115487717546,1.2977379046508466,1.942400007347911,Looking Straight,Upright
105,9.57,Confident,Partially Open,1.6188362425322314,1.2977379046508466,1.942400007347911,Looking Straight,Upright
106,9.65,Confident,Partially Open,1.6161614921587866,1.2977379046508466,1.942400007347911,Looking Straight,Upright
107,9.74,Confident,Partially Open,1.6199905125126963,1.2977379046508466,1.942400007347911,Looking Straight,Upright
108,9.84,Confident,Partially Open,1.612297281131725,1.2977379046508466,1.942400007347911,Looking Straight,Upright
109,9.93,Confident,Partially Open,1.6085298153666783,1.2977379046508466,1.942400007347911,Looking Straight,Upright
110,10.02,Confident,Partially Open,1.6074335544254956,1.2977379046508466,1.942400007347911,Looking Straight,Upright
111,10.11,Confident,Partially Open,1.6067348212244845,1.2977379046508466,1.942400007347911,Looking Straight,Upright
112,10.2,Confident,Partially Open,1.5979954597009005,1.2977379046508466,1.942400007347911,Looking Straight,Upright
113,10.3,Confident,Partially Open,1.5930924509020252,1.2977379046508466,1.942400007347911,Looking Straight,Upright
114,10.39,Confident,Partially Open,1.5916890158453392,1.2977379046508466,1.942400007347911,Looking Straight,Upright
115,10.48,Confident,Partially Open,1.5899301208414762,1.2977379046508466,1.942400007347911,Looking Straight,Upright
116,10.57,Confident,Partially Open,1.5897423296020963,1.2977379046508466,1.942400007347911,Looking Straight,Upright
117,10.65,Confident,Partially Open,1.6001887046839445,1.2977379046508466,1.942400007347911,Looking Straight,Upright
118,10.74,Confident,Partially Open,1.5905375250286937,1.2977379046508466,1.942400007347911,Looking Straight,Upright
119,10.83,Confident,Partially Open,1.5990688515371327,1.2977379046508466,1.942400007347911,Looking Straight,Upright
120,10.92,Confident,Partially Open,1.599402271059877,1.2977379046508466,1.942400007347911,Looking Straight,Upright
121,11.01,Confident,Partially Open,1.5991359057920864,1.2977379046508466,1.942400007347911,Looking Straight,Upright
122,11.1,Confident,Partially Open,1.5992149953245602,1.2977379046508466,1.942400007347911,Looking Straight,Upright
123,11.2,Confident,Partially Open,1.6025344687042116,1.2977379046508466,1.942400007347911,Looking Straight,Upright
124,11.29,Confident,Partially Open,1.6052140590299921,1.2977379046508466,1.942400007347911,Looking Straight,Upright
125,11.37,Confident,Partially Open,1.5725841644633078,1.2977379046508466,1.942400007347911,Looking Straight,Upright
126,11.48,Confident,Partially Open,1.5735294361588326,1.2977379046508466,1.942400007347911,Looking Straight,Upright
127,11.57,Confident,Partially Open,1.5732353310699345,1.2977379046508466,1.942400007347911,Looking Straight,Upright
128,11.66,Confident,Partially Open,1.561632094121119,1.2977379046508466,1.942400007347911,Looking Straight,Upright
129,11.74,Confident,Partially Open,1.5746181811489868,1.2977379046508466,1.942400007347911,Looking Straight,Upright
130,11.83,Confident,Partially Open,1.5772732170627253,1.2977379046508466,1.942400007347911,Looking Straight,Upright
131,11.93,Confident,Partially Open,1.6541563811895013,1.2977379046508466,1.942400007347911,Looking Straight,Upright
132,12.02,Confident,Open Arms,1.8363731718788059,1.2977379046508466,1.942400007347911,Looking Straight,Upright
133,12.1,Confident,Open Arms,2.032306426274165,1.2977379046508466,1.942400007347911,Looking Straight,Upright
134,12.19,Confident,Open Arms,2.2414479410585226,1.2977379046508466,1.942400007347911,Looking Straight,Upright
135,12.29,Confident,Open Arms,2.277545325107854,1.2977379046508466,1.942400007347911,Looking Straight,Upright
136,12.38,Confident,Open Arms,2.523434932552781,1.2977379046508466,1.942400007347911,Looking Straight,Upright
137,12.47,Confident,Open Arms,2.722147024632376,1.2977379046508466,1.942400007347911,Looking Straight,Upright
138,12.55,Confident,Open Arms,2.7124539081264087,1.2977379046508466,1.942400007347911,Looking Straight,Upright
139,12.64,Confident,Open Arms,2.557464678454014,1.2977379046508466,1.942400007347911,Looking Straight,Upright
140,12.73,Confident,Open Arms,2.6120793017018573,1.2977379046508466,1.942400007347911,Looking Straight,Upright
141,12.82,Confident,Open Arms,2.610775490790708,1.2977379046508466,1.942400007347911,Looking Straight,Upright
142,12.91,Confident,Open Arms,2.563713009355356,1.2977379046508466,1.942400007347911,Looking Straight,Upright
143,12.99,Confident,Open Arms,2.5052540914524197,1.2977379046508466,1.942400007347911,Looking Straight,Upright
144,13.08,Confident,Open Arms,2.543313861396139,1.2977379046508466,1.942400007347911,Looking Straight,Upright
145,13.17,Confident,Open Arms,2.582067278317203,1.2977379046508466,1.942400007347911,Looking Straight,Upright
146,13.26,Confident,Open Arms,2.586603385493512,1.2977379046508466,1.942400007347911,Looking Straight,Upright
147,13.35,Confident,Open Arms,2.5562256438291318,1.2977379046508466,1.942400007347911,Looking Straight,Upright
148,13.43,Confident,Open Arms,2.558361733205338,1.2977379046508466,1.942400007347911,Looking Straight,Upright
149,13.52,Confident,Open Arms,2.5742189603908336,1.2977379046508466,1.942400007347911,Looking Straight,Upright
150,13.61,Confident,Open Arms,2.5666643784710783,1.2977379046508466,1.942400007347911,Looking Straight,Upright
151,13.71,Confident,Open Arms,2.4865801486301367,1.2977379046508466,1.942400007347911,Looking Straight,Upright
152,13.79,Confident,Open Arms,2.4888929952287437,1.2977379046508466,1.942400007347911,Looking Straight,Stiff
153,13.88,Confident,Open Arms,2.5662287190720416,1.2977379046508466,1.942400007347911,Looking Straight,Stiff
154,13.97,Confident,Open Arms,2.5701770593259505,1.2977379046508466,1.942400007347911,Looking Straight,Stiff
155,14.06,Confident,Open Arms,2.651215410223097,1.2977379046508466,1.942400007347911,Looking Straight,Upright
156,14.15,Confident,Open Arms,2.715284968105843,1.2977379046508466,1.942400007347911,Looking Straight,Upright
157,14.24,Confident,Open Arms,2.6297398103165266,1.2977379046508466,1.942400007347911,Looking Straight,Upright
158,14.32,Confident,Open Arms,2.195056993778022,1.2977379046508466,1.942400007347911,Looking Straight,Upright
159,14.41,Confident,Open Arms,2.034852213398584,1.2977379046508466,1.942400007347911,Looking Straight,Upright
160,14.5,Confident,Open Arms,1.899644986606724,1.2977379046508466,1.942400007347911,Looking Straight,Upright
161,14.58,Confident,Partially Open,1.6707582283721476,1.2977379046508466,1.942400007347911,Looking Straight,Upright
162,14.67,Confident,Partially Open,1.5831062411397598,1.2977379046508466,1.942400007347911,Looking Straight,Upright
163,14.76,Confident,Closed Arms,1.5088611142377752,1.2977379046508466,1.942400007347911,Looking Straight,Upright
164,14.85,Confident,Partially Open,1.533395956124313,1.2977379046508466,1.942400007347911,Looking Straight,Upright
165,14.94,Confident,Closed Arms,1.4556152331035093,1.2977379046508466,1.942400007347911,Looking Straight,Stiff
166,15.03,Confident,Closed Arms,1.5058494276054688,1.2977379046508466,1.942400007347911,Looking Straight,Stiff
167,15.12,Confident,Closed Arms,1.479952476301231,1.2977379046508466,1.942400007347911,Looking Straight,Stiff
168,15.2,Confident,Closed Arms,1.4564607858105107,1.2977379046508466,1.942400007347911,Looking Straight,Stiff
169,15.29,Confident,Closed Arms,1.3445709654159377,1.2977379046508466,1.942400007347911,Looking Straight,Stiff
170,15.38,Confident,Closed Arms,1.319008690209091,1.2977379046508466,1.942400007347911,Looking Straight,Upright
171,15.46,Confident,Closed Arms,1.2704816963683865,1.2977379046508466,1.942400007347911,Looking Straight,Upright
172,15.55,Confident,Closed Arms,1.2580667693161216,1.2977379046508466,1.942400007347911,Looking Straight,Upright
173,15.64,Confident,Closed Arms,1.261211578261353,1.2977379046508466,1.942400007347911,Looking Straight,Upright
174,15.72,Confident,Closed Arms,1.2521059098138247,1.2977379046508466,1.942400007347911,Looking Straight,Upright
175,15.81,Neutral,Closed Arms,1.210387876602382,1.2977379046508466,1.942400007347911,Looking Straight,Upright
176,15.9,Neutral,Closed Arms,1.1866558305719732,1.2977379046508466,1.942400007347911,Looking Straight,Upright
177,15.99,Neutral,Closed Arms,1.1908498371112122,1.2977379046508466,1.942400007347911,Looking Straight,Upright
178,16.07,Neutral,Closed Arms,1.1870701332514741,1.2977379046508466,1.942400007347911,Looking Straight,Upright
179,16.16,Neutral,Closed Arms,1.1803862696497158,1.2977379046508466,1.942400007347911,Looking Straight,Upright
180,16.25,Neutral,Closed Arms,1.1954542366810477,1.2977379046508466,1.942400007347911,Looking Straight,Upright
181,16.34,Neutral,Closed Arms,1.1894182522148042,1.2977379046508466,1.942400007347911,Looking Straight,Upright
182,16.42,Neutral,Closed Arms,1.1842135238725495,1.2977379046508466,1.942400007347911,Looking Straight,Upright
183,16.51,Confident,Closed Arms,1.2162259618072808,1.2977379046508466,1.942400007347911,Looking Straight,Stiff
184,16.6,Neutral,Closed Arms,1.213027695453773,1.2977379046508466,1.942400007347911,Looking Straight,Stiff
185,16.68,Neutral,Closed Arms,1.2008254575397854,1.2977379046508466,1.942400007347911,Looking Straight,Stiff
186,16.77,Neutral,Closed Arms,1.2095167693064892,1.2977379046508466,1.942400007347911,Looking Straight,Stiff
187,16.86,Confident,Closed Arms,1.2180040338786535,1.2977379046508466,1.942400007347911,Looking Straight,Stiff
188,16.95,Confident,Closed Arms,1.2206993204540264,1.2977379046508466,1.942400007347911,Looking Straight,Upright
189,17.04,Confident,Closed Arms,1.2393656448492976,1.2977379046508466,1.942400007347911,Looking Straight,Upright
190,17.13,Neutral,Closed Arms,1.2200686566881387,1.2977379046508466,1.942400007347911,Looking Straight,Upright
191,17.21,Confident,Closed Arms,1.4203938745519702,1.2977379046508466,1.942400007347911,Looking Straight,Upright
192,17.3,Confident,Closed Arms,1.3509835113397606,1.2977379046508466,1.942400007347911,Looking Straight,Upright
193,17.39,Confident,Closed Arms,1.3441380637967286,1.2977379046508466,1.942400007347911,Looking Straight,Upright
194,17.47,Confident,Closed Arms,1.368969112904612,1.2977379046508466,1.942400007347911,Looking Straight,Upright
195,17.56,Confident,Closed Arms,1.3381775798227873,1.2977379046508466,1.942400007347911,Looking Straight,Stiff
196,17.64,Confident,Closed Arms,1.3242665089599837,1.2977379046508466,1.942400007347911,Looking Straight,Stiff
197,17.73,Confident,Closed Arms,1.3298152538264052,1.2977379046508466,1.942400007347911,Looking Straight,Stiff
198,17.82,Confident,Closed Arms,1.342722257028927,1.2977379046508466,1.942400007347911,Looking Straight,Stiff
199,17.91,Confident,Closed Arms,1.3403128913955846,1.2977379046508466,1.942400007347911,Looking Straight,Stiff
200,18.0,Confident,Closed Arms,1.3346204218876192,1.2977379046508466,1.942400007347911,Looking Straight,Stiff
201,18.09,Confident,Closed Arms,1.3251048509241734,1.2977379046508466,1.942400007347911,Looking Straight,Stiff
202,18.17,Confident,Closed Arms,1.3258785687430223,1.2977379046508466,1.942400007347911,Looking Straight,Stiff
203,18.26,Confident,Closed Arms,1.323950777122414,1.2977379046508466,1.942400007347911,Looking Straight,Stiff
204,18.35,Confident,Closed Arms,1.3203867233458644,1.2977379046508466,1.942400007347911,Looking Straight,Stiff
205,18.43,Confident,Closed Arms,1.3140834122297302,1.2977379046508466,1.942400007347911,Looking Straight,Stiff
206,18.52,Confident,Closed Arms,1.314319912178547,1.2977379046508466,1.942400007347911,Looking Straight,Stiff
207,18.61,Confident,Closed Arms,1.3152523129886764,1.2977379046508466,1.942400007347911,Looking Straight,Stiff
208,18.7,Confident,Closed Arms,1.3169205345519672,1.2977379046508466,1.942400007347911,Looking Straight,Stiff
209,18.78,Confident,Closed Arms,1.31535406859109,1.2977379046508466,1.942400007347911,Looking Straight,Stiff
210,18.87,Confident,Closed Arms,1.3154916056692285,1.2977379046508466,1.942400007347911,Looking Straight,Stiff
211,18.96,Confident,Closed Arms,1.3253020423777964,1.2977379046508466,1.942400007347911,Looking Straight,Stiff
212,19.05,Confident,Closed Arms,1.3272992980303915,1.2977379046508466,1.942400007347911,Looking Straight,Stiff
213,19.13,Confident,Closed Arms,1.3239740889536233,1.2977379046508466,1.942400007347911,Looking Straight,Stiff
214,19.22,Confident,Closed Arms,1.3203613069547526,1.2977379046508466,1.942400007347911,Looking Straight,Stiff
215,19.31,Confident,Closed Arms,1.3284954329715926,1.2977379046508466,1.942400007347911,Looking Straight,Stiff
216,19.4,Confident,Closed Arms,1.3461758239700696,1.2977379046508466,1.942400007347911,Looking Straight,Stiff
217,19.48,Confident,Closed Arms,1.354666859693796,1.2977379046508466,1.942400007347911,Looking Straight,Stiff
218,19.57,Confident,Closed Arms,1.3540387082624987,1.2977379046508466,1.942400007347911,Looking Straight,Stiff
219,19.66,Confident,Closed Arms,1.3496368468632245,1.2977379046508466,1.942400007347911,Looking Straight,Stiff
220,19.74,Confident,Closed Arms,1.3488813128236812,1.2977379046508466,1.942400007347911,Looking Straight,Stiff
221,19.83,Confident,Closed Arms,1.3449296147725573,1.2977379046508466,1.942400007347911,Looking Straight,Stiff
222,19.92,Confident,Closed Arms,1.342712205265952,1.2977379046508466,1.942400007347911,Looking Straight,Stiff
223,20.01,Confident,Closed Arms,1.3380602132134791,1.2977379046508466,1.942400007347911,Looking Straight,Stiff
224,20.1,Confident,Closed Arms,1.3420677214872674,1.2977379046508466,1.942400007347911,Looking Straight,Stiff
225,20.18,Confident,Closed Arms,1.3481749368233096,1.2977379046508466,1.942400007347911,Looking Straight,Stiff
226,20.27,Confident,Closed Arms,1.344280849476995,1.2977379046508466,1.942400007347911,Looking Straight,Upright
227,20.36,Confident,Closed Arms,1.342924593741627,1.2977379046508466,1.942400007347911,Looking Straight,Upright
228,20.45,Confident,Closed Arms,1.344055326602576,1.2977379046508466,1.942400007347911,Center,Upright
229,20.53,Confident,Closed Arms,1.3429524095981251,1.2977379046508466,1.942400007347911,Center,Upright
230,20.62,Confident,Closed Arms,1.343777536008866,1.2977379046508466,1.942400007347911,Looking Straight,Upright
231,20.71,Confident,Closed Arms,1.3443181613003383,1.2977379046508466,1.942400007347911,Center,Upright
232,20.8,Confident,Closed Arms,1.3458581028912837,1.2977379046508466,1.942400007347911,Center,Upright
233,20.89,Confident,Closed Arms,1.3415544210714072,1.2977379046508466,1.942400007347911,Center,Upright
234,20.98,Confident,Closed Arms,1.3455666319208406,1.2977379046508466,1.942400007347911,Center,Upright
235,21.06,Confident,Closed Arms,1.3432532159765618,1.2977379046508466,1.942400007347911,Center,Upright
236,21.15,Confident,Closed Arms,1.34458331112562,1.2977379046508466,1.942400007347911,Center,Upright
237,21.24,Confident,Closed Arms,1.349166898000954,1.2977379046508466,1.942400007347911,Center,Upright
238,21.33,Confident,Closed Arms,1.3659321689597277,1.2977379046508466,1.942400007347911,Center,Upright
239,21.41,Confident,Closed Arms,1.3644353282966968,1.2977379046508466,1.942400007347911,Center,Upright
240,21.5,Confident,Closed Arms,1.3627435106662407,1.2977379046508466,1.942400007347911,Center,Upright
241,21.59,Confident,Closed Arms,1.3574376834372615,1.2977379046508466,1.942400007347911,Looking Straight,Upright
242,21.67,Confident,Closed Arms,1.354814783670565,1.2977379046508466,1.942400007347911,Looking Straight,Upright
243,21.76,Confident,Closed Arms,1.3521361511250283,1.2977379046508466,1.942400007347911,Looking Straight,Upright
244,21.85,Confident,Closed Arms,1.3459232212055692,1.2977379046508466,1.942400007347911,Looking Straight,Upright
245,21.94,Confident,Closed Arms,1.3444069380661978,1.2977379046508466,1.942400007347911,Looking Straight,Upright
246,22.02,Confident,Closed Arms,1.3406268725211716,1.2977379046508466,1.942400007347911,Looking Straight,Upright
247,22.12,Confident,Closed Arms,1.3436705613663766,1.2977379046508466,1.942400007347911,Looking Straight,Upright
248,22.21,Confident,Closed Arms,1.3556887972965468,1.2977379046508466,1.942400007347911,Looking Straight,Upright
249,22.29,Confident,Closed Arms,1.3555765999877585,1.2977379046508466,1.942400007347911,Looking Straight,Upright
250,22.38,Confident,Closed Arms,1.3892943401827431,1.2977379046508466,1.942400007347911,Center,Upright
251,22.47,Confident,Closed Arms,1.422595050627757,1.2977379046508466,1.942400007347911,Center,Upright
252,22.56,Confident,Closed Arms,1.4217092766722517,1.2977379046508466,1.942400007347911,Center,Upright
253,22.64,Confident,Closed Arms,1.4212983375635528,1.2977379046508466,1.942400007347911,Center,Upright
254,22.73,Confident,Closed Arms,1.4253099418256487,1.2977379046508466,1.942400007347911,Center,Upright
255,22.82,Confident,Closed Arms,1.427847592470775,1.2977379046508466,1.942400007347911,Center,Upright
256,22.91,Confident,Closed Arms,1.4302643109512536,1.2977379046508466,1.942400007347911,Center,Upright
257,22.99,Confident,Closed Arms,1.4391391451461095,1.2977379046508466,1.942400007347911,Center,Upright
258,23.08,Confident,Closed Arms,1.4541299564107804,1.2977379046508466,1.942400007347911,Center,Upright
259,23.17,Confident,Closed Arms,1.4918805306291447,1.2977379046508466,1.942400007347911,Center,Upright
260,23.25,Confident,Closed Arms,1.4911404926331138,1.2977379046508466,1.942400007347911,Center,Upright
261,23.34,Confident,Closed Arms,1.4839083108209772,1.2977379046508466,1.942400007347911,Center,Upright
262,23.43,Confident,Closed Arms,1.4810903324454163,1.2977379046508466,1.942400007347911,Center,Upright
263,23.52,Confident,Closed Arms,1.4755241759306899,1.2977379046508466,1.942400007347911,Center,Upright
264,23.6,Confident,Closed Arms,1.4718114317841933,1.2977379046508466,1.942400007347911,Center,Upright
265,23.69,Confident,Closed Arms,1.4679127971746513,1.2977379046508466,1.942400007347911,Center,Upright
266,23.78,Confident,Closed Arms,1.4628899591194506,1.2977379046508466,1.942400007347911,Center,Upright
267,23.87,Confident,Closed Arms,1.4589718792541275,1.2977379046508466,1.942400007347911,Center,Upright
268,23.96,Confident,Closed Arms,1.423861856420518,1.2977379046508466,1.942400007347911,Center,Upright
269,24.04,Confident,Closed Arms,1.4229080497690771,1.2977379046508466,1.942400007347911,Center,Upright
270,24.13,Confident,Closed Arms,1.4034794011838987,1.2977379046508466,1.942400007347911,Center,Upright
271,24.22,Confident,Closed Arms,1.4121892458560381,1.2977379046508466,1.942400007347911,Center,Upright
272,24.31,Confident,Closed Arms,1.4371798534551472,1.2977379046508466,1.942400007347911,Center,Upright
273,24.4,Confident,Closed Arms,1.4295769128690317,1.2977379046508466,1.942400007347911,Center,Upright
274,24.48,Confident,Closed Arms,1.430095675896384,1.2977379046508466,1.942400007347911,Center,Upright
275,24.57,Confident,Closed Arms,1.3921513268062446,1.2977379046508466,1.942400007347911,Center,Upright
276,24.66,Confident,Closed Arms,1.3878986064133911,1.2977379046508466,1.942400007347911,Center,Upright
277,24.74,Confident,Closed Arms,1.3867944667798122,1.2977379046508466,1.942400007347911,Center,Upright
278,24.83,Confident,Closed Arms,1.4007264066110765,1.2977379046508466,1.942400007347911,Center,Upright
279,24.92,Confident,Closed Arms,1.4014347806441532,1.2977379046508466,1.942400007347911,Center,Upright
280,25.0,Confident,Closed Arms,1.4077980579707323,1.2977379046508466,1.942400007347911,Center,Upright
281,25.09,Confident,Closed Arms,1.4095677124197454,1.2977379046508466,1.942400007347911,Center,Upright
282,25.18,Confident,Closed Arms,1.4096542605553304,1.2977379046508466,1.942400007347911,Center,Upright
283,25.27,Confident,Closed Arms,1.4135502254096788,1.2977379046508466,1.942400007347911,Center,Upright
284,25.35,Confident,Closed Arms,1.3861831256183939,1.2977379046508466,1.942400007347911,Center,Upright
285,25.44,Confident,Closed Arms,1.389892639559286,1.2977379046508466,1.942400007347911,Center,Upright
286,25.53,Confident,Closed Arms,1.3851092182846767,1.2977379046508466,1.942400007347911,Center,Upright
287,25.62,Confident,Closed Arms,1.3866222615569477,1.2977379046508466,1.942400007347911,Center,Upright
288,25.7,Confident,Closed Arms,1.3840505327746373,1.2977379046508466,1.942400007347911,Center,Upright
289,25.79,Confident,Closed Arms,1.3864516337257808,1.2977379046508466,1.942400007347911,Center,Upright
290,25.88,Confident,Closed Arms,1.398435697086625,1.2977379046508466,1.942400007347911,Center,Upright
291,25.97,Confident,Closed Arms,1.4020480164569653,1.2977379046508466,1.942400007347911,Center,Upright
292,26.06,Confident,Closed Arms,1.4155855814430396,1.2977379046508466,1.942400007347911,Center,Upright
293,26.14,Confident,Closed Arms,1.4244141551572864,1.2977379046508466,1.942400007347911,Center,Upright
294,26.23,Confident,Closed Arms,1.4337869276286725,1.2977379046508466,1.942400007347911,Center,Upright
295,26.32,Confident,Closed Arms,1.4294761443690684,1.2977379046508466,1.942400007347911,Center,Upright
296,26.4,Confident,Closed Arms,1.4321067264175416,1.2977379046508466,1.942400007347911,Center,Upright
297,26.49,Confident,Closed Arms,1.410424281576673,1.2977379046508466,1.942400007347911,Center,Upright
298,26.58,Confident,Closed Arms,1.3949658724515501,1.2977379046508466,1.942400007347911,Looking Straight,Upright
299,26.67,Confident,Closed Arms,1.3581076993895425,1.2977379046508466,1.942400007347911,Center,Upright
300,26.76,Confident,Closed Arms,1.3438056336380138,1.2977379046508466,1.942400007347911,Center,Upright
301,26.84,Confident,Closed Arms,1.346810863645788,1.2977379046508466,1.942400007347911,Center,Upright
302,26.93,Confident,Closed Arms,1.360773431621905,1.2977379046508466,1.942400007347911,Center,Upright
303,27.02,Confident,Closed Arms,1.3809192799726167,1.2977379046508466,1.942400007347911,Center,Upright
304,27.1,Confident,Closed Arms,1.3913796314841798,1.2977379046508466,1.942400007347911,Center,Upright
305,27.19,Confident,Closed Arms,1.4341273281358027,1.2977379046508466,1.942400007347911,Center,Upright
306,27.28,Confident,Closed Arms,1.4544558127310019,1.2977379046508466,1.942400007347911,Center,Upright
307,27.37,Confident,Closed Arms,1.4801242118853877,1.2977379046508466,1.942400007347911,Center,Upright
308,27.45,Confident,Closed Arms,1.48705999468532,1.2977379046508466,1.942400007347911,Center,Upright
309,27.54,Confident,Closed Arms,1.478567973076856,1.2977379046508466,1.942400007347911,Center,Upright
310,27.63,Confident,Closed Arms,1.488699623542904,1.2977379046508466,1.942400007347911,Center,Upright
311,27.72,Confident,Closed Arms,1.492698967520655,1.2977379046508466,1.942400007347911,Center,Upright
312,27.81,Confident,Closed Arms,1.4714063259731998,1.2977379046508466,1.942400007347911,Center,Upright
313,27.9,Confident,Closed Arms,1.4094563672611296,1.2977379046508466,1.942400007347911,Center,Upright
314,27.98,Confident,Closed Arms,1.4014249877286633,1.2977379046508466,1.942400007347911,Center,Upright
315,28.07,Confident,Closed Arms,1.389537984534686,1.2977379046508466,1.942400007347911,Center,Upright
316,28.16,Confident,Closed Arms,1.3750957317785582,1.2977379046508466,1.942400007347911,Center,Upright
317,28.25,Confident,Closed Arms,1.3738199019804689,1.2977379046508466,1.942400007347911,Center,Upright
318,28.33,Confident,Closed Arms,1.3733815258962967,1.2977379046508466,1.942400007347911,Center,Upright
319,28.42,Confident,Closed Arms,1.3720177959023585,1.2977379046508466,1.942400007347911,Center,Stiff
320,28.51,Confident,Closed Arms,1.3689761201387602,1.2977379046508466,1.942400007347911,Center,Stiff
321,28.6,Confident,Closed Arms,1.3706212713106725,1.2977379046508466,1.942400007347911,Center,Stiff
322,28.69,Neutral,Closed Arms,1.3731075043357899,1.2977379046508466,1.942400007347911,Center,Stiff
323,28.77,Neutral,Closed Arms,1.3473790042274578,1.2977379046508466,1.942400007347911,Center,Stiff
324,28.86,Neutral,Closed Arms,1.3579693831524744,1.2977379046508466,1.942400007347911,Looking Straight,Stiff
325,28.95,Neutral,Closed Arms,1.385954721131904,1.2977379046508466,1.942400007347911,Center,Stiff
326,29.04,Neutral,Closed Arms,1.4293391495183636,1.2977379046508466,1.942400007347911,Center,Stiff
327,29.13,Neutral,Closed Arms,1.4563324467778032,1.2977379046508466,1.942400007347911,Center,Stiff
328,29.22,Neutral,Closed Arms,1.461245448156865,1.2977379046508466,1.942400007347911,Center,Stiff
329,29.31,Neutral,Closed Arms,1.4565251537137764,1.2977379046508466,1.942400007347911,Center,Stiff
330,29.39,Neutral,Closed Arms,1.4509245048375818,1.2977379046508466,1.942400007347911,Center,Stiff
331,29.48,Neutral,Closed Arms,1.437370977798936,1.2977379046508466,1.942400007347911,Center,Stiff
332,29.57,Neutral,Closed Arms,1.385386061406371,1.2977379046508466,1.942400007347911,Center,Stiff
333,29.65,Neutral,Closed Arms,1.3645299746371065,1.2977379046508466,1.942400007347911,Center,Stiff
334,29.74,Neutral,Closed Arms,1.3566334838488738,1.2977379046508466,1.942400007347911,Center,Stiff
335,29.83,Neutral,Closed Arms,1.3614642704310433,1.2977379046508466,1.942400007347911,Center,Stiff
336,29.92,Neutral,Closed Arms,1.3704729484408031,1.2977379046508466,1.942400007347911,Center,Stiff
337,30.0,Neutral,Closed Arms,1.3684859185801195,1.2977379046508466,1.942400007347911,Looking Straight,Stiff
338,30.09,Neutral,Closed Arms,1.3670003650935074,1.2977379046508466,1.942400007347911,Looking Straight,Stiff
339,30.18,Neutral,Closed Arms,1.3711014770249441,1.2977379046508466,1.942400007347911,Center,Stiff
340,30.27,Confident,Closed Arms,1.3670091238563173,1.2977379046508466,1.942400007347911,Center,Stiff
341,30.35,Confident,Closed Arms,1.3878080556883001,1.2977379046508466,1.942400007347911,Center,Stiff
342,30.44,Confident,Closed Arms,1.4266315920041748,1.2977379046508466,1.942400007347911,Center,Upright
343,30.53,Confident,Closed Arms,1.469769695400155,1.2977379046508466,1.942400007347911,Center,Upright
344,30.62,Confident,Closed Arms,1.4958274106282063,1.2977379046508466,1.942400007347911,Center,Upright
345,30.7,Confident,Partially Open,1.532229557503087,1.2977379046508466,1.942400007347911,Center,Upright
346,30.79,Confident,Partially Open,1.5456568228228544,1.2977379046508466,1.942400007347911,Center,Upright
347,30.88,Confident,Partially Open,1.5429258490336046,1.2977379046508466,1.942400007347911,Center,Upright
348,30.97,Confident,Partially Open,1.5172632477398842,1.2977379046508466,1.942400007347911,Center,Upright
349,31.06,Confident,Closed Arms,1.464163481668312,1.2977379046508466,1.942400007347911,Center,Upright
350,31.14,Confident,Closed Arms,1.4657353207485027,1.2977379046508466,1.942400007347911,Center,Upright
351,31.23,Confident,Closed Arms,1.4859086272164201,1.2977379046508466,1.942400007347911,Center,Upright
352,31.32,Confident,Partially Open,1.524020479221386,1.2977379046508466,1.942400007347911,Center,Upright
353,31.4,Confident,Partially Open,1.5313887484798763,1.2977379046508466,1.942400007347911,Center,Upright
354,31.49,Confident,Partially Open,1.5337914671316888,1.2977379046508466,1.942400007347911,Center,Upright
355,31.58,Confident,Partially Open,1.5438124840346152,1.2977379046508466,1.942400007347911,Center,Upright
356,31.67,Confident,Partially Open,1.5586707495950014,1.2977379046508466,1.942400007347911,Center,Upright
357,31.75,Confident,Partially Open,1.549954013590442,1.2977379046508466,1.942400007347911,Center,Upright
358,31.84,Confident,Partially Open,1.5613716998429503,1.2977379046508466,1.942400007347911,Center,Upright
359,31.93,Confident,Partially Open,1.5285807092427428,1.2977379046508466,1.942400007347911,Looking Straight,Upright
360,32.02,Neutral,Closed Arms,1.2283991424751164,1.2977379046508466,1.942400007347911,Center,Upright
361,32.11,Neutral,Closed Arms,0.9449143585497582,1.2977379046508466,1.942400007347911,Center,Upright
362,32.2,Neutral,Closed Arms,0.9711507672354497,1.2977379046508466,1.942400007347911,Center,Upright
363,32.29,Neutral,Closed Arms,0.9540052038492761,1.2977379046508466,1.942400007347911,Center,Upright
364,32.37,Neutral,Closed Arms,0.9925308153448493,1.2977379046508466,1.942400007347911,Center,Upright
365,32.46,Neutral,Closed Arms,0.9634785199196634,1.2977379046508466,1.942400007347911,Center,Upright
366,32.55,Neutral,Closed Arms,0.988394847828997,1.2977379046508466,1.942400007347911,Center,Upright
367,32.64,Neutral,Closed Arms,0.9813691790877332,1.2977379046508466,1.942400007347911,Center,Upright
368,32.72,Neutral,Closed Arms,0.9768242299337833,1.2977379046508466,1.942400007347911,Center,Upright
369,32.81,Neutral,Closed Arms,0.9764730631526797,1.2977379046508466,1.942400007347911,Center,Upright
370,32.9,Neutral,Closed Arms,0.9886420631042694,1.2977379046508466,1.942400007347911,Center,Upright
371,32.99,Neutral,Closed Arms,0.9901426109997246,1.2977379046508466,1.942400007347911,Center,Upright
372,33.08,Neutral,Closed Arms,1.025449009438322,1.2977379046508466,1.942400007347911,Center,Upright
373,33.17,Neutral,Closed Arms,1.0550113262685668,1.2977379046508466,1.942400007347911,Center,Upright
374,33.25,Neutral,Closed Arms,1.0527370120187425,1.2977379046508466,1.942400007347911,Center,Upright
375,33.34,Neutral,Closed Arms,1.0736267008542923,1.2977379046508466,1.942400007347911,Center,Upright
376,33.43,Neutral,Closed Arms,1.058256437477384,1.2977379046508466,1.942400007347911,Looking Straight,Upright
377,33.52,Neutral,Closed Arms,1.0625392350394054,1.2977379046508466,1.942400007347911,Looking Straight,Upright
378,33.6,Neutral,Closed Arms,1.054135289126331,1.2977379046508466,1.942400007347911,Looking Straight,Upright
379,33.69,Neutral,Closed Arms,1.1262703882574745,1.2977379046508466,1.942400007347911,Looking Straight,Upright
380,33.78,Neutral,Closed Arms,1.1937291565123593,1.2977379046508466,1.942400007347911,Looking Straight,Upright
381,33.87,Neutral,Closed Arms,1.209274281093594,1.2977379046508466,1.942400007347911,Looking Straight,Upright
382,33.96,Neutral,Closed Arms,1.1610458725986774,1.2977379046508466,1.942400007347911,Looking Straight,Upright
383,34.04,Neutral,Closed Arms,1.1744989441382574,1.2977379046508466,1.942400007347911,Looking Straight,Upright
384,34.13,Neutral,Closed Arms,1.1692257182319017,1.2977379046508466,1.942400007347911,Looking Straight,Upright
385,34.22,Neutral,Closed Arms,1.1607336171170408,1.2977379046508466,1.942400007347911,Looking Straight,Upright
386,34.3,Neutral,Closed Arms,1.150119936371773,1.2977379046508466,1.942400007347911,Looking Straight,Upright
387,34.39,Neutral,Closed Arms,1.1831845573050175,1.2977379046508466,1.942400007347911,Center,Upright
388,34.48,Neutral,Closed Arms,1.1929228228266668,1.2977379046508466,1.942400007347911,Looking Straight,Upright
389,34.57,Neutral,Closed Arms,1.194323875995024,1.2977379046508466,1.942400007347911,Looking Straight,Stiff
390,34.65,Neutral,Closed Arms,1.1701333398621707,1.2977379046508466,1.942400007347911,Looking Straight,Stiff
391,34.74,Neutral,Closed Arms,1.1954901196224934,1.2977379046508466,1.942400007347911,Looking Straight,Stiff
392,34.83,Neutral,Closed Arms,1.1948576540971116,1.2977379046508466,1.942400007347911,Looking Straight,Stiff
393,34.92,Neutral,Closed Arms,1.1940698993997079,1.2977379046508466,1.942400007347911,Looking Straight,Stiff
394,35.01,Neutral,Closed Arms,1.208005694441716,1.2977379046508466,1.942400007347911,Center,Upright
395,35.1,Neutral,Closed Arms,1.2071563137711152,1.2977379046508466,1.942400007347911,Center,Stiff
396,35.19,Neutral,Closed Arms,1.1890159722980067,1.2977379046508466,1.942400007347911,Center,Stiff
397,35.28,Neutral,Closed Arms,1.1790034625467103,1.2977379046508466,1.942400007347911,Center,Stiff
398,35.38,Neutral,Closed Arms,1.1675589206086072,1.2977379046508466,1.942400007347911,Center,Stiff
399,35.47,Neutral,Closed Arms,1.1444678075509829,1.2977379046508466,1.942400007347911,Center,Stiff
400,35.56,Neutral,Closed Arms,1.1202351588025514,1.2977379046508466,1.942400007347911,Center,Stiff
401,35.66,Neutral,Closed Arms,1.1230624028745793,1.2977379046508466,1.942400007347911,Center,Stiff
402,35.75,Neutral,Closed Arms,1.1123721519779626,1.2977379046508466,1.942400007347911,Center,Stiff
403,35.84,Neutral,Closed Arms,1.101702340231572,1.2977379046508466,1.942400007347911,Looking Straight,Stiff
404,35.94,Neutral,Closed Arms,1.0965842269676833,1.2977379046508466,1.942400007347911,Looking Straight,Stiff
405,36.03,Neutral,Closed Arms,1.080047269236278,1.2977379046508466,1.942400007347911,Looking Straight,Stiff
406,36.13,Neutral,Closed Arms,1.1609182422340898,1.2977379046508466,1.942400007347911,Center,Stiff
407,36.23,Confident,Closed Arms,1.223531454353018,1.2977379046508466,1.942400007347911,Center,Stiff
408,36.33,Confident,Closed Arms,1.2577880802583923,1.2977379046508466,1.942400007347911,Center,Stiff
409,36.42,Confident,Closed Arms,1.2678286831087724,1.2977379046508466,1.942400007347911,Center,Stiff
410,36.5,Confident,Closed Arms,1.274586896440549,1.2977379046508466,1.942400007347911,Center,Stiff
411,36.6,Confident,Closed Arms,1.2817979707794631,1.2977379046508466,1.942400007347911,Center,Stiff
412,36.7,Confident,Closed Arms,1.2629020051264597,1.2977379046508466,1.942400007347911,Center,Stiff
413,36.79,Confident,Closed Arms,1.2612011095475897,1.2977379046508466,1.942400007347911,Center,Stiff
414,36.88,Confident,Closed Arms,1.2598555767232353,1.2977379046508466,1.942400007347911,Center,Stiff
415,36.96,Confident,Closed Arms,1.2865958693644717,1.2977379046508466,1.942400007347911,Center,Stiff
416,37.05,Confident,Closed Arms,1.2827162559539673,1.2977379046508466,1.942400007347911,Center,Stiff
417,37.15,Confident,Closed Arms,1.274838694329924,1.2977379046508466,1.942400007347911,Center,Stiff
418,37.25,Confident,Closed Arms,1.2820414179722024,1.2977379046508466,1.942400007347911,Center,Stiff
419,37.33,Confident,Closed Arms,1.2636605568277448,1.2977379046508466,1.942400007347911,Center,Stiff
420,37.42,Neutral,Closed Arms,1.2816078473370198,1.2977379046508466,1.942400007347911,Center,Stiff
421,37.51,Neutral,Closed Arms,1.3185420944642017,1.2977379046508466,1.942400007347911,Center,Stiff
422,37.6,Neutral,Closed Arms,1.4276551022578248,1.2977379046508466,1.942400007347911,Center,Stiff
423,37.7,Confident,Partially Open,1.6126865689304029,1.2977379046508466,1.942400007347911,Center,Stiff
424,37.79,Confident,Partially Open,1.693407094506677,1.2977379046508466,1.942400007347911,Center,Stiff
425,37.88,Confident,Partially Open,1.7038089784335635,1.2977379046508466,1.942400007347911,Center,Stiff
426,37.97,Confident,Partially Open,1.6910202943482113,1.2977379046508466,1.942400007347911,Center,Stiff
427,38.06,Confident,Partially Open,1.7035792377727097,1.2977379046508466,1.942400007347911,Center,Upright
428,38.14,Confident,Partially Open,1.6658257665206624,1.2977379046508466,1.942400007347911,Center,Upright
429,38.24,Confident,Partially Open,1.6464796529439139,1.2977379046508466,1.942400007347911,Looking Straight,Upright
430,38.34,Confident,Partially Open,1.650322348221033,1.2977379046508466,1.942400007347911,Looking Straight,Upright
431,38.43,Confident,Partially Open,1.6564473760027258,1.2977379046508466,1.942400007347911,Looking Straight,Upright
432,38.54,Confident,Partially Open,1.6505287547882368,1.2977379046508466,1.942400007347911,Center,Upright
433,38.63,Confident,Partially Open,1.6584367522956087,1.2977379046508466,1.942400007347911,Center,Upright
434,38.72,Confident,Partially Open,1.66435296006977,1.2977379046508466,1.942400007347911,Center,Upright
435,38.83,Confident,Partially Open,1.6653932931977427,1.2977379046508466,1.942400007347911,Center,Upright
436,38.92,Confident,Partially Open,1.6639617136711673,1.2977379046508466,1.942400007347911,Center,Upright
437,39.02,Confident,Partially Open,1.6671423971664838,1.2977379046508466,1.942400007347911,Center,Upright
438,39.11,Confident,Partially Open,1.6655800552366409,1.2977379046508466,1.942400007347911,Center,Upright
439,39.2,Confident,Partially Open,1.6751990188371868,1.2977379046508466,1.942400007347911,Center,Upright
440,39.29,Confident,Partially Open,1.6956790660257257,1.2977379046508466,1.942400007347911,Center,Upright
441,39.39,Confident,Partially Open,1.7234931468338524,1.2977379046508466,1.942400007347911,Center,Upright
442,39.48,Confident,Open Arms,1.7754886334814182,1.2977379046508466,1.942400007347911,Center,Upright
443,39.57,Confident,Open Arms,1.8046603027129584,1.2977379046508466,1.942400007347911,Center,Upright
444,39.66,Confident,Open Arms,1.8348269734198652,1.2977379046508466,1.942400007347911,Center,Upright
445,39.76,Confident,Open Arms,1.9314949751782169,1.2977379046508466,1.942400007347911,Center,Upright
446,39.85,Confident,Open Arms,2.198687799096704,1.2977379046508466,1.942400007347911,Center,Upright
447,39.94,Confident,Open Arms,2.4428616553289535,1.2977379046508466,1.942400007347911,Center,Upright
448,40.03,Confident,Open Arms,2.563988188628367,1.2977379046508466,1.942400007347911,Center,Stiff
449,40.13,Confident,Open Arms,2.5421936054668866,1.2977379046508466,1.942400007347911,Center,Stiff
450,40.22,Neutral,Open Arms,2.6969557051922703,1.2977379046508466,1.942400007347911,Looking Straight,Stiff
451,40.31,Neutral,Open Arms,3.0833404513064986,1.2977379046508466,1.942400007347911,Center,Stiff
452,40.4,Confident,Open Arms,2.908242348358089,1.2977379046508466,1.942400007347911,Looking Straight,Stiff
453,40.49,Confident,Open Arms,2.7562164155105586,1.2977379046508466,1.942400007347911,Looking Straight,Stiff
454,40.57,Confident,Open Arms,2.7547409597328447,1.2977379046508466,1.942400007347911,Looking Straight,Stiff
455,40.66,Confident,Open Arms,2.596124798704387,1.2977379046508466,1.942400007347911,Looking Straight,Stiff
456,40.75,Confident,Open Arms,2.3101431356901987,1.2977379046508466,1.942400007347911,Looking Straight,Stiff
457,40.84,Confident,Open Arms,2.174598085541641,1.2977379046508466,1.942400007347911,Looking Straight,Stiff
458,40.93,Confident,Open Arms,2.0635790304163293,1.2977379046508466,1.942400007347911,Looking Straight,Upright
459,41.02,Confident,Open Arms,1.9281446856533209,1.2977379046508466,1.942400007347911,Looking Straight,Upright
460,41.1,Confident,Open Arms,1.8932421080975714,1.2977379046508466,1.942400007347911,Looking Straight,Upright
461,41.19,Confident,Open Arms,1.8916491519830616,1.2977379046508466,1.942400007347911,Looking Straight,Upright
462,41.28,Confident,Open Arms,1.896051836866119,1.2977379046508466,1.942400007347911,Looking Straight,Upright
463,41.37,Confident,Open Arms,1.9432438853261094,1.2977379046508466,1.942400007347911,Looking Straight,Upright
464,41.45,Confident,Open Arms,1.9613101359163565,1.2977379046508466,1.942400007347911,Looking Straight,Upright
465,41.54,Confident,Open Arms,1.9522277360723235,1.2977379046508466,1.942400007347911,Looking Straight,Upright
466,41.64,Confident,Open Arms,1.952742658111846,1.2977379046508466,1.942400007347911,Looking Straight,Upright
467,41.74,Confident,Open Arms,1.9381541786579592,1.2977379046508466,1.942400007347911,Looking Straight,Upright
468,41.83,Confident,Open Arms,1.9437592300757636,1.2977379046508466,1.942400007347911,Looking Straight,Upright
469,41.92,Confident,Open Arms,1.9387488196573262,1.2977379046508466,1.942400007347911,Looking Straight,Upright
470,42.01,Confident,Open Arms,1.9284555804348635,1.2977379046508466,1.942400007347911,Looking Straight,Upright
471,42.09,Confident,Open Arms,1.9314636080171579,1.2977379046508466,1.942400007347911,Looking Straight,Upright
472,42.18,Confident,Open Arms,1.9379452460909101,1.2977379046508466,1.942400007347911,Looking Straight,Upright
473,42.27,Confident,Open Arms,1.931472515449013,1.2977379046508466,1.942400007347911,Looking Straight,Upright
474,42.36,Confident,Open Arms,1.9185672912269387,1.2977379046508466,1.942400007347911,Looking Straight,Upright
475,42.44,Confident,Open Arms,1.9114373191832565,1.2977379046508466,1.942400007347911,Looking Straight,Upright
476,42.53,Confident,Open Arms,1.8948137116827453,1.2977379046508466,1.942400007347911,Looking Straight,Upright
477,42.62,Confident,Open Arms,1.8967298020148562,1.2977379046508466,1.942400007347911,Looking Straight,Upright
478,42.7,Confident,Open Arms,1.9024622755597105,1.2977379046508466,1.942400007347911,Looking Straight,Upright
479,42.79,Confident,Open Arms,1.9046611415880963,1.2977379046508466,1.942400007347911,Looking Straight,Upright
480,42.88,Confident,Open Arms,1.9228528288411233,1.2977379046508466,1.942400007347911,Looking Straight,Upright
481,42.97,Confident,Open Arms,1.9211350954532331,1.2977379046508466,1.942400007347911,Looking Straight,Upright
482,43.06,Confident,Open Arms,1.9205330933763376,1.2977379046508466,1.942400007347911,Looking Straight,Upright
483,43.15,Confident,Open Arms,1.9213205834753715,1.2977379046508466,1.942400007347911,Looking Straight,Upright
484,43.23,Confident,Open Arms,1.9217684445755656,1.2977379046508466,1.942400007347911,Looking Straight,Upright
485,43.32,Confident,Open Arms,1.9232337611347736,1.2977379046508466,1.942400007347911,Looking Straight,Upright
486,43.41,Confident,Open Arms,1.9311892523050844,1.2977379046508466,1.942400007347911,Looking Straight,Upright
487,43.5,Confident,Open Arms,1.9711719335298716,1.2977379046508466,1.942400007347911,Looking Straight,Upright
488,43.59,Confident,Open Arms,1.988889312111316,1.2977379046508466,1.942400007347911,Looking Straight,Upright
489,43.67,Confident,Open Arms,2.0279921037801154,1.2977379046508466,1.942400007347911,Looking Straight,Stiff
490,43.76,Confident,Open Arms,2.082181343487823,1.2977379046508466,1.942400007347911,Looking Straight,Stiff
491,43.85,Neutral,Open Arms,2.0587957958604752,1.2977379046508466,1.942400007347911,Looking Straight,Stiff
492,43.94,Neutral,Open Arms,2.0648525525106143,1.2977379046508466,1.942400007347911,Looking Straight,Stiff
493,44.03,Neutral,Open Arms,2.071850436488418,1.2977379046508466,1.942400007347911,Looking Straight,Stiff
494,44.11,Neutral,Open Arms,2.054063695461517,1.2977379046508466,1.942400007347911,Looking Straight,Stiff
495,44.25,Neutral,Open Arms,2.0477310359339334,1.2977379046508466,1.942400007347911,Looking Straight,Stiff
496,44.34,Neutral,Open Arms,2.018363534317213,1.2977379046508466,1.942400007347911,Looking Straight,Stiff
497,44.42,Confident,Open Arms,2.039982364131729,1.2977379046508466,1.942400007347911,Looking Straight,Stiff
498,44.51,Confident,Open Arms,2.0691203854588096,1.2977379046508466,1.942400007347911,Looking Straight,Stiff
499,44.6,Confident,Open Arms,2.129411707249676,1.2977379046508466,1.942400007347911,Looking Straight,Upright
500,44.69,Confident,Open Arms,2.087317216391308,1.2977379046508466,1.942400007347911,Looking Straight,Upright
501,44.77,Confident,Open Arms,2.0942983847040604,1.2977379046508466,1.942400007347911,Looking Straight,Upright
502,44.87,Confident,Open Arms,2.1024124971299445,1.2977379046508466,1.942400007347911,Looking Straight,Upright
503,44.95,Confident,Open Arms,2.0800533458472628,1.2977379046508466,1.942400007347911,Center,Upright
504,45.04,Confident,Open Arms,2.0577147293086657,1.2977379046508466,1.942400007347911,Center,Stiff
505,45.13,Confident,Open Arms,2.0138360435441918,1.2977379046508466,1.942400007347911,Looking Straight,Stiff
506,45.22,Confident,Open Arms,1.956444800818624,1.2977379046508466,1.942400007347911,Looking Straight,Stiff
507,45.3,Confident,Open Arms,1.967326685781235,1.2977379046508466,1.942400007347911,Looking Straight,Stiff
508,45.4,Confident,Open Arms,1.9593425329430207,1.2977379046508466,1.942400007347911,Looking Straight,Stiff
509,45.5,Confident,Open Arms,1.9629659196486073,1.2977379046508466,1.942400007347911,Looking Straight,Stiff
510,45.6,Confident,Open Arms,1.9324086310046704,1.2977379046508466,1.942400007347911,Looking Straight,Stiff
511,45.69,Confident,Open Arms,1.9280547403496904,1.2977379046508466,1.942400007347911,Looking Straight,Stiff
512,45.78,Confident,Open Arms,1.941087135801669,1.2977379046508466,1.942400007347911,Looking Straight,Stiff
513,45.86,Confident,Open Arms,1.993862934505128,1.2977379046508466,1.942400007347911,Looking Straight,Stiff
514,45.95,Confident,Open Arms,1.9767648045274753,1.2977379046508466,1.942400007347911,Looking Straight,Stiff
515,46.04,Confident,Open Arms,1.9607439466624579,1.2977379046508466,1.942400007347911,Looking Straight,Stiff
516,46.13,Confident,Open Arms,1.9540680507018227,1.2977379046508466,1.942400007347911,Looking Straight,Stiff
517,46.21,Confident,Open Arms,1.9538485172423878,1.2977379046508466,1.942400007347911,Looking Straight,Stiff
518,46.3,Confident,Open Arms,1.95679707504994,1.2977379046508466,1.942400007347911,Looking Straight,Stiff
519,46.39,Confident,Open Arms,1.9709513308231525,1.2977379046508466,1.942400007347911,Looking Straight,Upright
520,46.48,Confident,Open Arms,1.98047805224303,1.2977379046508466,1.942400007347911,Looking Straight,Upright
521,46.56,Confident,Open Arms,1.9659296701066071,1.2977379046508466,1.942400007347911,Looking Straight,Upright
522,46.65,Confident,Open Arms,1.9645423208239325,1.2977379046508466,1.942400007347911,Looking Straight,Upright
523,46.74,Confident,Open Arms,1.9662982076771067,1.2977379046508466,1.942400007347911,Looking Straight,Upright
524,46.83,Confident,Open Arms,1.9593846419949004,1.2977379046508466,1.942400007347911,Looking Straight,Upright
525,46.91,Confident,Open Arms,1.9485211576899195,1.2977379046508466,1.942400007347911,Looking Straight,Upright
526,47.0,Confident,Open Arms,1.9474712803644538,1.2977379046508466,1.942400007347911,Looking Straight,Upright
527,47.09,Confident,Open Arms,1.9333701306089885,1.2977379046508466,1.942400007347911,Looking Straight,Upright
528,47.17,Confident,Open Arms,1.9218262287111372,1.2977379046508466,1.942400007347911,Looking Straight,Upright
529,47.26,Confident,Open Arms,1.916509016423986,1.2977379046508466,1.942400007347911,Looking Straight,Upright
530,47.35,Confident,Open Arms,1.8969545560310348,1.2977379046508466,1.942400007347911,Looking Straight,Upright
531,47.43,Confident,Open Arms,1.9224263212696304,1.2977379046508466,1.942400007347911,Looking Straight,Upright
532,47.52,Confident,Open Arms,1.959937850199769,1.2977379046508466,1.942400007347911,Looking Straight,Upright
533,47.61,Confident,Open Arms,2.0052871315104217,1.2977379046508466,1.942400007347911,Looking Straight,Upright
534,47.69,Confident,Open Arms,1.9776013299171804,1.2977379046508466,1.942400007347911,Looking Straight,Stiff
535,47.78,Neutral,Open Arms,2.0344320322451988,1.2977379046508466,1.942400007347911,Looking Straight,Stiff
536,47.87,Neutral,Open Arms,2.0472914144148833,1.2977379046508466,1.942400007347911,Looking Straight,Stiff
537,47.96,Neutral,Open Arms,2.0400488883325387,1.2977379046508466,1.942400007347911,Looking Straight,Stiff
538,48.05,Neutral,Open Arms,2.032863392102111,1.2977379046508466,1.942400007347911,Looking Straight,Stiff
539,48.13,Neutral,Open Arms,2.0196358003039445,1.2977379046508466,1.942400007347911,Looking Straight,Stiff
540,48.22,Neutral,Open Arms,2.014557634654602,1.2977379046508466,1.942400007347911,Looking Straight,Stiff
541,48.31,Neutral,Open Arms,2.011616137228495,1.2977379046508466,1.942400007347911,Looking Straight,Stiff
542,48.4,Neutral,Open Arms,1.98915058491723,1.2977379046508466,1.942400007347911,Looking Straight,Stiff
543,48.48,Neutral,Open Arms,1.9866712587797553,1.2977379046508466,1.942400007347911,Looking Straight,Stiff
544,48.57,Neutral,Open Arms,1.9581367032607986,1.2977379046508466,1.942400007347911,Looking Straight,Stiff
545,48.66,Confident,Open Arms,1.8206191786420527,1.2977379046508466,1.942400007347911,Looking Straight,Upright
546,48.75,Confident,Open Arms,1.787333214916392,1.2977379046508466,1.942400007347911,Looking Straight,Upright
547,48.85,Confident,Open Arms,1.848259427577732,1.2977379046508466,1.942400007347911,Looking Straight,Upright
548,48.93,Confident,Open Arms,1.9258336720746951,1.2977379046508466,1.942400007347911,Looking Straight,Upright
549,49.02,Confident,Open Arms,1.8084421935183008,1.2977379046508466,1.942400007347911,Looking Straight,Upright
550,49.11,Confident,Open Arms,1.7630656588914018,1.2977379046508466,1.942400007347911,Looking Straight,Upright
551,49.2,Confident,Open Arms,1.7688280446810132,1.2977379046508466,1.942400007347911,Looking Straight,Stiff
552,49.28,Confident,Open Arms,1.7594090313463802,1.2977379046508466,1.942400007347911,Looking Straight,Stiff
553,49.37,Confident,Open Arms,1.765472590553091,1.2977379046508466,1.942400007347911,Looking Straight,Upright
554,49.46,Confident,Open Arms,1.7682844569554519,1.2977379046508466,1.942400007347911,Looking Straight,Upright
555,49.54,Confident,Open Arms,1.7589488903514645,1.2977379046508466,1.942400007347911,Looking Straight,Upright
556,49.63,Confident,Partially Open,1.7221848767758818,1.2977379046508466,1.942400007347911,Looking Straight,Upright
557,49.72,Confident,Open Arms,1.7327627423896477,1.2977379046508466,1.942400007347911,Looking Straight,Upright
558,49.81,Confident,Open Arms,1.7398016049023168,1.2977379046508466,1.942400007347911,Looking Straight,Upright
559,49.9,Confident,Open Arms,1.7504290330522139,1.2977379046508466,1.942400007347911,Looking Straight,Upright
560,49.99,Confident,Open Arms,1.7670251964699082,1.2977379046508466,1.942400007347911,Looking Straight,Upright
561,50.07,Confident,Open Arms,1.7726866410075446,1.2977379046508466,1.942400007347911,Looking Straight,Upright
562,50.16,Confident,Open Arms,1.787511398353732,1.2977379046508466,1.942400007347911,Looking Straight,Upright
563,50.25,Confident,Open Arms,1.8010051541757384,1.2977379046508466,1.942400007347911,Looking Straight,Upright
564,50.33,Confident,Open Arms,1.8051952974018968,1.2977379046508466,1.942400007347911,Looking Straight,Upright
565,50.42,Confident,Open Arms,1.8157935725062673,1.2977379046508466,1.942400007347911,Looking Straight,Upright
566,50.51,Confident,Open Arms,1.8177587835511235,1.2977379046508466,1.942400007347911,Looking Straight,Upright
567,50.59,Confident,Open Arms,1.8232325104072484,1.2977379046508466,1.942400007347911,Looking Straight,Upright
568,50.68,Confident,Open Arms,1.828283392811566,1.2977379046508466,1.942400007347911,Looking Straight,Upright
569,50.77,Confident,Open Arms,1.836655720099441,1.2977379046508466,1.942400007347911,Looking Straight,Upright
570,50.86,Confident,Open Arms,1.838596012634252,1.2977379046508466,1.942400007347911,Looking Straight,Upright
571,50.95,Confident,Open Arms,1.8362756629549606,1.2977379046508466,1.942400007347911,Looking Straight,Upright
572,51.04,Confident,Open Arms,1.8319556933586578,1.2977379046508466,1.942400007347911,Looking Straight,Upright
573,51.13,Confident,Open Arms,1.8835514278544128,1.2977379046508466,1.942400007347911,Looking Straight,Upright
574,51.21,Confident,Open Arms,1.9613196629803522,1.2977379046508466,1.942400007347911,Looking Straight,Upright
575,51.3,Confident,Open Arms,2.0706226574051434,1.2977379046508466,1.942400007347911,Looking Straight,Upright
576,51.39,Confident,Open Arms,2.1109866851768895,1.2977379046508466,1.942400007347911,Looking Straight,Upright
577,51.47,Confident,Open Arms,2.0569579254779,1.2977379046508466,1.942400007347911,Looking Straight,Upright
578,51.56,Confident,Open Arms,2.0337247829667198,1.2977379046508466,1.942400007347911,Looking Straight,Stiff
579,51.65,Confident,Open Arms,2.029099143370225,1.2977379046508466,1.942400007347911,Looking Straight,Stiff
580,51.73,Confident,Open Arms,1.9988063561061657,1.2977379046508466,1.942400007347911,Looking Straight,Stiff
581,51.82,Confident,Open Arms,1.990715809519623,1.2977379046508466,1.942400007347911,Looking Straight,Stiff
582,51.91,Confident,Open Arms,1.9756729457690947,1.2977379046508466,1.942400007347911,Looking Straight,Stiff
583,52.0,Confident,Open Arms,1.9596448792822045,1.2977379046508466,1.942400007347911,Looking Straight,Stiff
584,52.09,Confident,Open Arms,1.9376230707326496,1.2977379046508466,1.942400007347911,Looking Straight,Upright
585,52.17,Confident,Open Arms,1.9250021632503742,1.2977379046508466,1.942400007347911,Looking Straight,Upright
586,52.26,Confident,Open Arms,1.9142843147672992,1.2977379046508466,1.942400007347911,Looking Straight,Stiff
587,52.35,Confident,Open Arms,1.9129900019345285,1.2977379046508466,1.942400007347911,Looking Straight,Stiff
588,52.44,Confident,Open Arms,1.8988910599426942,1.2977379046508466,1.942400007347911,Looking Straight,Stiff
589,52.53,Confident,Open Arms,1.8827896313883146,1.2977379046508466,1.942400007347911,Looking Straight,Stiff
590,52.61,Confident,Open Arms,1.9404661651235833,1.2977379046508466,1.942400007347911,Looking Straight,Upright
591,52.7,Confident,Partially Open,1.6987681698534696,1.2977379046508466,1.942400007347911,Looking Straight,Upright
592,52.79,Confident,Partially Open,1.5480810953190627,1.2977379046508466,1.942400007347911,Looking Straight,Upright
593,52.88,Confident,Partially Open,1.5831997958074167,1.2977379046508466,1.942400007347911,Looking Straight,Upright
594,52.97,Confident,Closed Arms,1.4987976159009628,1.2977379046508466,1.942400007347911,Looking Straight,Stiff
595,53.06,Confident,Closed Arms,1.465359730415743,1.2977379046508466,1.942400007347911,Looking Straight,Stiff
596,53.14,Confident,Closed Arms,1.4596560019624956,1.2977379046508466,1.942400007347911,Looking Straight,Stiff
597,53.23,Confident,Closed Arms,1.4741969538754793,1.2977379046508466,1.942400007347911,Looking Straight,Stiff
598,53.32,Confident,Closed Arms,1.4832930868490921,1.2977379046508466,1.942400007347911,Looking Straight,Stiff
599,53.4,Confident,Closed Arms,1.4748809005421124,1.2977379046508466,1.942400007347911,Looking Straight,Stiff
600,53.49,Confident,Closed Arms,1.4961672395006418,1.2977379046508466,1.942400007347911,Looking Straight,Stiff
601,53.58,Confident,Closed Arms,1.4965711225909701,1.2977379046508466,1.942400007347911,Looking Straight,Stiff
602,53.67,Confident,Closed Arms,1.4941182382350922,1.2977379046508466,1.942400007347911,Looking Straight,Upright
603,53.75,Confident,Closed Arms,1.5063147403756558,1.2977379046508466,1.942400007347911,Looking Straight,Upright
604,53.84,Confident,Partially Open,1.5174471535833574,1.2977379046508466,1.942400007347911,Looking Straight,Upright
605,53.93,Confident,Partially Open,1.5273213768066742,1.2977379046508466,1.942400007347911,Looking Straight,Upright
606,54.02,Confident,Partially Open,1.5228931995959636,1.2977379046508466,1.942400007347911,Looking Straight,Upright
607,54.11,Confident,Partially Open,1.524503989473665,1.2977379046508466,1.942400007347911,Looking Straight,Upright
608,54.19,Confident,Partially Open,1.527427319517479,1.2977379046508466,1.942400007347911,Looking Straight,Upright
609,54.28,Confident,Partially Open,1.5146830337282506,1.2977379046508466,1.942400007347911,Looking Straight,Stiff
610,54.37,Confident,Closed Arms,1.4824241828144227,1.2977379046508466,1.942400007347911,Looking Straight,Stiff
611,54.46,Confident,Closed Arms,1.4948693709609695,1.2977379046508466,1.942400007347911,Looking Straight,Stiff
612,54.55,Confident,Closed Arms,1.4838348938710386,1.2977379046508466,1.942400007347911,Looking Straight,Stiff
613,54.63,Confident,Closed Arms,1.476774993038313,1.2977379046508466,1.942400007347911,Looking Straight,Upright
614,54.72,Confident,Closed Arms,1.4679907170367745,1.2977379046508466,1.942400007347911,Looking Straight,Upright
615,54.81,Confident,Closed Arms,1.470203917337056,1.2977379046508466,1.942400007347911,Looking Straight,Upright
616,54.9,Confident,Closed Arms,1.4715233948489255,1.2977379046508466,1.942400007347911,Looking Straight,Upright
617,54.99,Confident,Closed Arms,1.4810531303145273,1.2977379046508466,1.942400007347911,Looking Straight,Upright
618,55.08,Confident,Closed Arms,1.4857488731148671,1.2977379046508466,1.942400007347911,Looking Straight,Upright
619,55.16,Confident,Closed Arms,1.5001250278635225,1.2977379046508466,1.942400007347911,Looking Straight,Upright
620,55.25,Confident,Closed Arms,1.511506714581212,1.2977379046508466,1.942400007347911,Looking Straight,Upright
621,55.34,Confident,Partially Open,1.5169216266981107,1.2977379046508466,1.942400007347911,Looking Straight,Upright
622,55.42,Confident,Partially Open,1.530286178196081,1.2977379046508466,1.942400007347911,Looking Straight,Upright
623,55.51,Confident,Partially Open,1.53319435460892,1.2977379046508466,1.942400007347911,Looking Straight,Upright
624,55.61,Confident,Partially Open,1.5402466586460168,1.2977379046508466,1.942400007347911,Looking Straight,Upright
625,55.69,Confident,Partially Open,1.54117081289597,1.2977379046508466,1.942400007347911,Looking Straight,Upright
626,55.78,Confident,Partially Open,1.5428645643394152,1.2977379046508466,1.942400007347911,Looking Straight,Upright
627,55.87,Confident,Partially Open,1.5405345039900902,1.2977379046508466,1.942400007347911,Looking Straight,Upright
628,55.96,Confident,Partially Open,1.546580948718233,1.2977379046508466,1.942400007347911,Looking Straight,Upright
629,56.05,Confident,Partially Open,1.5495725433067666,1.2977379046508466,1.942400007347911,Looking Straight,Upright
630,56.13,Confident,Partially Open,1.5555814886437065,1.2977379046508466,1.942400007347911,Looking Straight,Upright
631,56.22,Confident,Partially Open,1.562878504412199,1.2977379046508466,1.942400007347911,Looking Straight,Upright
632,56.31,Confident,Partially Open,1.5660840777025067,1.2977379046508466,1.942400007347911,Looking Straight,Upright
633,56.4,Confident,Partially Open,1.5675810947656728,1.2977379046508466,1.942400007347911,Looking Straight,Upright
634,56.5,Confident,Partially Open,1.5717648314290116,1.2977379046508466,1.942400007347911,Looking Straight,Upright
635,56.58,Confident,Partially Open,1.5753278993085142,1.2977379046508466,1.942400007347911,Looking Straight,Upright
636,56.67,Confident,Partially Open,1.5760473042207777,1.2977379046508466,1.942400007347911,Looking Straight,Upright
637,56.77,Confident,Partially Open,1.577313539812803,1.2977379046508466,1.942400007347911,Looking Straight,Upright
638,56.86,Confident,Partially Open,1.575170424425927,1.2977379046508466,1.942400007347911,Looking Straight,Upright
639,56.95,Confident,Partially Open,1.5222145979345856,1.2977379046508466,1.942400007347911,Looking Straight,Upright
640,57.04,Confident,Closed Arms,1.5001271817495394,1.2977379046508466,1.942400007347911,Looking Straight,Upright
641,57.13,Confident,Closed Arms,1.425089560368497,1.2977379046508466,1.942400007347911,Looking Straight,Upright
642,57.22,Confident,Closed Arms,1.311092343048085,1.2977379046508466,1.942400007347911,Looking Straight,Upright
643,57.31,Neutral,Closed Arms,1.0417074776507778,1.2977379046508466,1.942400007347911,Looking Straight,Upright
644,57.39,Neutral,Closed Arms,0.9680087870532755,1.2977379046508466,1.942400007347911,Looking Straight,Upright
645,57.48,Neutral,Closed Arms,1.001820859425362,1.2977379046508466,1.942400007347911,Looking Straight,Upright
646,57.57,Neutral,Closed Arms,1.0010520410037043,1.2977379046508466,1.942400007347911,Looking Straight,Upright
647,57.65,Neutral,Closed Arms,0.9938576114931971,1.2977379046508466,1.942400007347911,Looking Straight,Upright
648,57.75,Neutral,Closed Arms,1.050297436265416,1.2977379046508466,1.942400007347911,Looking Straight,Upright
649,57.84,Neutral,Closed Arms,1.0562132474037713,1.2977379046508466,1.942400007347911,Looking Straight,Upright
650,57.93,Neutral,Closed Arms,1.0583977930922668,1.2977379046508466,1.942400007347911,Looking Straight,Upright
651,58.03,Neutral,Closed Arms,1.0656281746812126,1.2977379046508466,1.942400007347911,Looking Straight,Upright
652,58.12,Neutral,Closed Arms,1.0508644559389415,1.2977379046508466,1.942400007347911,Looking Straight,Upright
653,58.21,Neutral,Closed Arms,1.0412345197707442,1.2977379046508466,1.942400007347911,Looking Straight,Upright
654,58.3,Neutral,Closed Arms,1.1874277482117808,1.2977379046508466,1.942400007347911,Looking Straight,Upright
655,58.38,Confident,Closed Arms,1.229277724242599,1.2977379046508466,1.942400007347911,Looking Straight,Upright
656,58.47,Confident,Closed Arms,1.3730921674443917,1.2977379046508466,1.942400007347911,Looking Straight,Upright
657,58.56,Confident,Closed Arms,1.402730824060539,1.2977379046508466,1.942400007347911,Looking Straight,Upright
658,58.65,Confident,Closed Arms,1.3751042619383054,1.2977379046508466,1.942400007347911,Looking Straight,Upright
659,58.75,Confident,Closed Arms,1.3696449960369124,1.2977379046508466,1.942400007347911,Looking Straight,Stiff
660,58.83,Confident,Closed Arms,1.382712850246429,1.2977379046508466,1.942400007347911,Looking Straight,Stiff
661,58.92,Confident,Closed Arms,1.3444363979640896,1.2977379046508466,1.942400007347911,Looking Straight,Stiff
662,59.01,Confident,Closed Arms,1.330962108663942,1.2977379046508466,1.942400007347911,Looking Straight,Stiff
663,59.1,Confident,Closed Arms,1.322021537372483,1.2977379046508466,1.942400007347911,Looking Straight,Stiff
664,59.18,Confident,Closed Arms,1.3148164779747025,1.2977379046508466,1.942400007347911,Looking Straight,Stiff
665,59.27,Confident,Closed Arms,1.3079556297538484,1.2977379046508466,1.942400007347911,Looking Straight,Stiff
666,59.36,Confident,Closed Arms,1.3173302019912834,1.2977379046508466,1.942400007347911,Looking Straight,Stiff
667,59.44,Neutral,Closed Arms,1.3213926909649807,1.2977379046508466,1.942400007347911,Looking Straight,Stiff
668,59.54,Neutral,Closed Arms,1.3244306622452777,1.2977379046508466,1.942400007347911,Looking Straight,Stiff
669,59.63,Neutral,Closed Arms,1.3049496430404939,1.2977379046508466,1.942400007347911,Looking Straight,Stiff
670,59.71,Neutral,Closed Arms,1.2970090142856598,1.2977379046508466,1.942400007347911,Looking Straight,Stiff
671,59.8,Neutral,Closed Arms,1.2982355014227394,1.2977379046508466,1.942400007347911,Looking Straight,Stiff
672,59.89,Neutral,Closed Arms,1.298187226209224,1.2977379046508466,1.942400007347911,Looking Straight,Stiff
673,59.98,Neutral,Closed Arms,1.3028442736465737,1.2977379046508466,1.942400007347911,Looking Straight,Stiff
674,60.07,Confident,Closed Arms,1.3050946919182869,1.2977379046508466,1.942400007347911,Looking Straight,Stiff
675,60.16,Confident,Closed Arms,1.2960504866900597,1.2977379046508466,1.942400007347911,Looking Straight,Stiff
676,60.24,Confident,Closed Arms,1.3050264227217645,1.2977379046508466,1.942400007347911,Looking Straight,Stiff
677,60.33,Confident,Closed Arms,1.3214479258770988,1.2977379046508466,1.942400007347911,Looking Straight,Stiff
678,60.42,Confident,Closed Arms,1.36258652933574,1.2977379046508466,1.942400007347911,Looking Straight,Stiff
679,60.51,Confident,Closed Arms,1.380012128726669,1.2977379046508466,1.942400007347911,Looking Straight,Upright
680,60.59,Confident,Closed Arms,1.3934941028518264,1.2977379046508466,1.942400007347911,Looking Straight,Upright
681,60.68,Confident,Closed Arms,1.3913092962007145,1.2977379046508466,1.942400007347911,Looking Straight,Upright
682,60.76,Confident,Closed Arms,1.394226498155658,1.2977379046508466,1.942400007347911,Looking Straight,Upright
683,60.85,Confident,Closed Arms,1.3928718261450896,1.2977379046508466,1.942400007347911,Looking Straight,Upright
684,60.95,Confident,Closed Arms,1.3781128752360634,1.2977379046508466,1.942400007347911,Looking Straight,Upright
685,61.03,Confident,Closed Arms,1.3836999445665048,1.2977379046508466,1.942400007347911,Looking Straight,Upright
686,61.12,Confident,Closed Arms,1.4047712827667422,1.2977379046508466,1.942400007347911,Looking Straight,Upright
687,61.21,Confident,Closed Arms,1.413679812862455,1.2977379046508466,1.942400007347911,Looking Straight,Upright
688,61.29,Confident,Closed Arms,1.4106264074813004,1.2977379046508466,1.942400007347911,Looking Straight,Upright
689,61.38,Confident,Closed Arms,1.4111488053246333,1.2977379046508466,1.942400007347911,Looking Straight,Upright
690,61.47,Confident,Closed Arms,1.4140305144961587,1.2977379046508466,1.942400007347911,Looking Straight,Upright
691,61.56,Confident,Closed Arms,1.418181287388734,1.2977379046508466,1.942400007347911,Looking Straight,Upright
692,61.64,Confident,Closed Arms,1.4277224151205992,1.2977379046508466,1.942400007347911,Looking Straight,Upright
693,61.74,Confident,Closed Arms,1.4665553317432636,1.2977379046508466,1.942400007347911,Looking Straight,Stiff
694,61.83,Confident,Closed Arms,1.4526583245208862,1.2977379046508466,1.942400007347911,Looking Straight,Stiff
695,61.91,Confident,Closed Arms,1.4403212554859586,1.2977379046508466,1.942400007347911,Looking Straight,Stiff
696,62.0,Confident,Closed Arms,1.440263080770566,1.2977379046508466,1.942400007347911,Looking Straight,Stiff
697,62.09,Confident,Closed Arms,1.5098749820170607,1.2977379046508466,1.942400007347911,Looking Straight,Stiff
698,62.17,Confident,Partially Open,1.5264222833349952,1.2977379046508466,1.942400007347911,Looking Straight,Stiff
699,62.26,Confident,Partially Open,1.5357004654922062,1.2977379046508466,1.942400007347911,Looking Straight,Stiff
700,62.35,Confident,Closed Arms,1.503094629525583,1.2977379046508466,1.942400007347911,Looking Straight,Stiff
701,62.44,Confident,Closed Arms,1.4829077391117125,1.2977379046508466,1.942400007347911,Looking Straight,Stiff
702,62.52,Confident,Closed Arms,1.476154669003917,1.2977379046508466,1.942400007347911,Looking Straight,Stiff
703,62.61,Confident,Closed Arms,1.4858275888471446,1.2977379046508466,1.942400007347911,Looking Straight,Upright
704,62.7,Confident,Closed Arms,1.4879426115988812,1.2977379046508466,1.942400007347911,Looking Straight,Upright
705,62.79,Confident,Closed Arms,1.4940118468094956,1.2977379046508466,1.942400007347911,Looking Straight,Stiff
706,62.87,Confident,Closed Arms,1.4777608796458033,1.2977379046508466,1.942400007347911,Looking Straight,Stiff
707,62.96,Confident,Closed Arms,1.4584854188405785,1.2977379046508466,1.942400007347911,Looking Straight,Stiff
708,63.05,Neutral,Closed Arms,1.5076568189115818,1.2977379046508466,1.942400007347911,Looking Straight,Stiff
709,63.14,Neutral,Partially Open,1.5887186233438364,1.2977379046508466,1.942400007347911,Looking Straight,Stiff
710,63.23,Neutral,Open Arms,1.7427449180715886,1.2977379046508466,1.942400007347911,Looking Straight,Stiff
711,63.32,Neutral,Open Arms,1.7672929358812872,1.2977379046508466,1.942400007347911,Looking Straight,Stiff
712,63.42,Neutral,Partially Open,1.6652722833333977,1.2977379046508466,1.942400007347911,Looking Straight,Stiff
713,63.5,Neutral,Partially Open,1.6271292990291146,1.2977379046508466,1.942400007347911,Looking Straight,Stiff
714,63.6,Neutral,Partially Open,1.594198683519969,1.2977379046508466,1.942400007347911,Looking Straight,Stiff
715,63.69,Neutral,Partially Open,1.547481541530235,1.2977379046508466,1.942400007347911,Looking Straight,Slouched
716,63.78,Neutral,Partially Open,1.545272039589582,1.2977379046508466,1.942400007347911,Looking Straight,Slouched
717,63.87,Neutral,Partially Open,1.5489650934942123,1.2977379046508466,1.942400007347911,Looking Straight,Slouched
718,63.95,Low,Partially Open,1.5613225910942785,1.2977379046508466,1.942400007347911,Looking Straight,Slouched
719,64.04,Low,Partially Open,1.5548833275791392,1.2977379046508466,1.942400007347911,Looking Straight,Slouched
720,64.13,Low,Closed Arms,1.5008747115571248,1.2977379046508466,1.942400007347911,Looking Straight,Slouched
721,64.22,Low,Closed Arms,1.5087651184317545,1.2977379046508466,1.942400007347911,Looking Straight,Slouched
722,64.3,Low,Partially Open,1.520538553813155,1.2977379046508466,1.942400007347911,Looking Straight,Slouched
